user_id,lessonTest1_score,lessonWebinar2_visit,lesson3_visit,lesson3_progress,lesson4_visit,lesson4_progress,lesson5_visit,lesson5_progress,lesson6_visit,lesson6_progress,lesson7_visit,lesson7_progress,lessonTest8_score,lessonWebinar9_visit,lesson10_visit,lesson10_progress,lesson11_visit,lesson11_progress,lesson12_visit,lesson12_progress,lessonWebinar13_visit,lessonTest14_score,last
1,15,1,0,3,1,21,0,19,0,27,1,16,18,0,0,21,0,28,0,7,0,9,7
2,65,0,1,53,1,51,0,56,0,38,0,68,43,1,1,40,0,68,1,39,1,44,5
3,80,1,0,84,1,76,1,79,1,94,1,96,77,0,1,78,1,99,1,85,1,85,2
4,80,1,1,98,1,81,1,86,1,76,1,83,83,1,1,73,0,76,0,89,0,92,0
5,97,1,1,79,1,93,1,87,1,75,0,83,72,0,1,85,0,98,1,89,1,85,2
6,60,1,0,50,1,34,1,34,0,63,1,58,66,0,1,50,1,48,0,48,1,55,5
7,85,1,1,78,1,87,1,99,1,71,1,75,77,1,1,93,0,72,0,89,1,82,0
8,96,1,1,85,1,94,1,72,1,88,0,96,94,1,1,93,1,79,0,89,1,79,1
9,6,0,0,16,0,8,0,8,1,17,1,17,12,0,1,27,1,25,0,19,1,21,8
10,41,0,0,58,0,57,1,63,0,63,0,57,61,0,0,32,0,59,1,37,1,64,5
11,71,0,0,72,1,97,1,94,1,73,0,73,75,1,0,88,0,96,1,77,0,84,0
12,9,0,0,15,0,29,0,4,0,5,0,26,3,1,1,21,1,15,0,20,1,16,7
13,24,0,0,1,1,23,1,19,1,12,0,26,1,0,0,9,1,18,0,25,0,19,7
14,20,0,0,23,0,22,1,10,0,17,1,7,27,0,1,18,0,2,1,12,0,20,6
15,37,0,0,34,1,69,1,53,1,56,0,41,45,0,0,46,1,46,0,40,0,68,3
16,47,0,0,34,0,65,1,36,0,39,0,45,58,0,1,59,0,51,1,57,0,30,5
17,83,1,0,99,1,90,0,74,0,84,1,77,74,0,0,89,1,94,1,81,1,74,1
18,74,1,1,98,1,76,1,91,1,94,0,83,93,0,0,73,1,88,1,97,1,97,2
19,86,1,1,93,1,88,0,89,1,70,0,79,90,1,1,83,0,75,1,73,1,83,0
20,8,0,0,1,1,28,0,5,0,12,1,28,25,0,0,28,1,16,0,6,0,21,6
21,59,0,0,46,0,54,1,61,0,41,0,36,67,1,1,45,0,49,0,63,0,37,4
22,86,1,1,94,1,92,1,71,1,88,0,79,73,1,1,93,1,84,1,77,1,79,2
23,82,0,1,70,1,88,0,73,0,87,1,78,73,1,0,79,1,72,1,94,1,76,2
24,24,1,1,27,1,28,0,3,0,9,0,4,16,0,0,25,1,7,0,15,1,0,7
25,32,0,1,69,0,60,1,45,0,53,1,33,49,0,0,47,1,39,0,52,0,39,4
26,97,0,1,70,1,80,1,89,1,70,0,91,83,1,1,81,1,72,0,95,1,85,0
27,0,1,0,8,0,6,0,2,1,22,0,27,19,1,0,20,0,18,1,3,0,25,7
28,23,0,0,18,0,3,0,0,0,22,1,10,25,0,0,10,0,23,1,25,1,10,6
29,56,0,1,38,0,31,1,33,1,42,0,35,49,0,1,30,1,65,0,46,1,42,4
30,77,0,0,79,1,87,1,70,0,79,1,93,98,1,0,78,1,98,0,97,1,91,2
31,32,1,0,57,0,40,1,44,1,44,0,66,49,0,0,65,1,55,1,54,0,53,4
32,83,1,1,74,1,72,1,89,1,91,1,96,91,0,1,83,1,79,1,77,1,74,2
33,69,1,0,64,0,46,1,58,0,40,1,57,31,1,0,56,0,55,0,54,0,52,4
34,28,1,0,18,0,6,1,14,0,17,0,1,14,0,0,12,1,27,0,7,0,3,6
35,23,0,0,14,0,19,1,4,0,17,0,3,15,0,0,27,1,13,0,1,0,14,7
36,5,0,0,12,0,13,0,22,0,7,0,7,23,0,0,29,0,23,0,11,0,24,6
37,25,0,1,9,0,2,1,20,0,7,0,13,18,1,1,15,1,12,0,26,0,12,7
38,91,1,1,93,0,76,1,71,0,88,0,82,94,0,1,90,0,91,0,93,1,86,1
39,75,1,1,86,1,83,1,75,1,95,1,78,79,1,1,82,1,84,1,85,1,88,0
40,89,1,0,77,1,80,1,71,0,90,1,80,70,1,1,99,1,95,1,71,1,82,2
41,70,1,1,97,1,94,1,99,1,92,1,99,92,1,1,86,1,78,1,91,1,92,2
42,47,0,1,61,1,42,1,61,0,45,1,46,49,0,1,59,1,36,0,45,0,52,5
43,83,0,1,95,0,87,0,89,1,93,0,93,83,1,1,87,1,92,0,86,1,71,1
44,13,0,1,2,1,29,1,6,1,11,0,0,18,0,0,10,1,23,1,5,0,16,7
45,85,1,1,99,1,87,1,98,1,92,0,70,86,1,0,86,1,97,1,75,0,82,2
46,74,1,0,96,1,76,1,99,0,88,0,85,98,1,1,72,1,88,1,92,1,77,0
47,71,1,1,82,0,72,1,78,1,74,1,79,97,1,0,88,0,70,1,74,0,74,0
48,5,0,0,28,0,0,0,14,0,13,1,3,4,0,0,18,0,9,0,7,0,8,7
49,2,0,0,15,0,8,1,9,0,0,0,2,16,1,0,9,1,1,0,20,1,19,7
50,68,1,1,61,1,52,0,34,1,65,1,56,38,0,0,35,0,63,0,67,0,36,4
51,50,0,1,45,1,31,1,67,1,53,1,47,62,0,0,33,0,69,1,33,1,65,5
52,32,1,1,34,0,36,0,51,1,35,0,65,46,1,1,53,0,31,1,50,1,66,5
53,29,1,0,20,0,23,0,19,0,2,0,4,19,0,0,11,1,17,0,28,0,17,7
54,44,1,1,58,1,48,0,68,0,59,1,43,33,0,0,55,1,58,1,38,0,56,4
55,90,0,0,82,1,89,1,90,0,90,1,83,88,1,1,89,0,70,1,75,1,71,1
56,47,0,0,54,0,65,0,66,0,41,1,40,49,0,1,58,1,38,0,35,0,47,5
57,16,1,1,5,0,23,0,6,0,21,0,19,13,0,0,1,1,27,0,5,1,21,8
58,51,0,0,45,1,58,1,46,1,64,1,62,49,0,0,45,0,52,0,32,0,63,3
59,86,1,0,84,1,81,1,90,0,87,0,73,78,0,0,93,1,78,0,91,1,76,0
60,14,0,0,21,0,10,0,3,1,3,0,29,5,1,1,6,0,8,0,24,0,23,6
61,49,1,1,65,0,54,0,36,0,37,0,50,48,1,0,44,0,40,0,43,0,54,4
62,9,1,1,1,1,24,1,29,0,14,0,19,1,0,0,26,0,17,0,0,0,5,6
63,17,1,1,18,0,28,0,2,0,12,0,12,22,1,1,24,0,19,1,4,1,3,6
64,86,1,1,86,1,94,1,99,0,96,1,73,94,1,0,91,1,75,1,89,0,77,0
65,4,1,0,4,1,6,0,0,0,18,0,23,26,0,0,17,1,21,0,3,0,28,6
66,42,0,0,46,0,40,1,60,1,38,1,68,39,1,1,49,1,66,1,66,0,63,3
67,86,1,1,90,1,79,1,79,1,72,1,98,89,0,1,95,1,89,0,89,1,89,0
68,12,0,0,23,0,6,0,18,0,17,0,27,10,0,0,2,0,7,0,12,1,27,7
69,74,0,1,85,0,95,1,91,0,72,0,91,96,0,0,82,0,96,1,91,0,78,0
70,78,0,0,94,1,75,1,89,1,83,0,76,95,0,1,91,1,80,0,78,0,95,2
71,73,1,1,87,0,81,1,98,0,75,0,95,84,1,1,79,1,85,0,80,0,85,2
72,58,1,0,61,0,50,0,54,1,63,0,33,41,0,1,44,0,52,0,45,0,58,4
73,33,1,0,55,1,52,1,43,0,32,0,64,35,0,1,39,1,42,1,50,0,43,5
74,19,0,0,17,0,24,0,2,0,1,0,8,10,1,0,2,1,7,0,13,0,27,8
75,96,1,1,89,0,99,0,72,1,85,1,97,75,1,1,76,0,73,1,91,1,93,1
76,60,0,1,35,0,44,1,57,0,32,1,30,60,1,0,44,0,57,1,49,0,59,5
77,51,0,0,64,1,47,1,33,0,68,0,54,34,0,1,51,1,69,0,36,0,42,3
78,65,1,1,35,0,42,1,31,0,61,0,43,68,0,1,56,0,50,1,66,0,53,4
79,60,0,1,64,0,60,1,36,1,67,0,32,50,1,0,66,0,56,1,52,1,66,3
80,44,1,0,41,0,69,1,66,1,33,1,30,50,1,0,36,1,67,1,31,1,55,4
81,28,0,0,3,0,9,0,2,0,7,1,26,11,1,0,22,0,16,1,0,0,19,8
82,1,0,1,21,0,19,1,23,0,18,1,1,25,1,0,23,0,10,1,5,0,20,8
83,35,0,1,54,0,38,0,44,0,49,1,30,65,0,0,60,0,39,1,65,1,49,4
84,27,0,0,5,0,28,0,11,0,29,0,22,18,0,1,10,1,6,0,23,0,26,7
85,25,0,0,3,1,12,1,24,0,27,1,0,20,1,1,25,0,3,1,6,1,16,8
86,5,0,1,20,1,12,0,11,0,6,0,23,6,0,1,14,0,26,1,24,0,20,6
87,56,0,1,66,0,47,1,34,1,65,1,30,36,0,0,51,0,41,0,61,0,41,4
88,50,0,0,59,0,33,1,49,1,55,0,61,53,1,0,57,1,58,1,65,0,35,3
89,2,0,0,8,1,0,1,20,0,14,0,3,25,0,0,24,1,5,1,1,0,16,8
90,73,1,0,73,1,89,1,82,1,96,0,83,95,1,1,80,1,94,1,90,1,78,0
91,10,1,0,1,0,8,0,19,0,1,0,10,1,0,1,5,0,18,0,3,0,1,6
92,61,0,1,43,0,38,1,67,0,48,1,39,41,1,1,65,1,33,1,63,1,33,3
93,1,0,0,17,1,3,1,16,0,5,0,29,7,0,0,3,0,12,0,29,1,1,6
94,8,0,0,1,0,20,0,11,1,18,0,24,11,1,0,23,0,4,0,14,0,22,6
95,70,1,1,98,0,95,1,94,1,98,1,86,90,1,1,95,1,75,0,77,0,76,0
96,71,1,0,88,1,80,1,81,0,85,0,96,79,1,1,75,1,70,0,98,0,73,0
97,1,0,0,29,0,17,0,6,1,4,1,10,16,1,0,28,0,18,1,28,1,25,8
98,68,0,1,65,0,43,0,66,1,51,1,36,68,1,1,40,1,34,0,52,0,34,5
99,17,1,1,7,0,23,1,1,1,22,0,22,20,0,1,2,0,21,1,14,0,27,7
100,8,1,0,6,1,16,0,28,1,27,1,8,22,0,0,14,0,16,1,26,1,13,8
101,55,0,1,38,0,61,0,35,0,66,0,56,64,1,0,38,1,37,1,54,0,68,5
102,12,0,0,27,0,4,0,25,0,27,0,10,6,0,0,3,0,1,1,17,1,23,8
103,2,0,0,21,0,7,1,3,0,7,0,21,4,0,0,27,0,4,1,6,0,24,7
104,96,1,0,97,0,86,0,81,1,82,0,70,83,1,1,87,0,77,1,98,1,71,0
105,48,1,1,62,0,66,0,38,1,64,0,31,51,0,0,31,1,64,1,37,0,66,4
106,3,1,0,1,0,2,0,6,0,14,0,11,6,1,0,24,0,14,0,4,1,19,8
107,18,0,1,7,0,3,0,17,0,0,0,20,12,0,0,23,1,27,0,14,0,14,6
108,73,1,0,94,1,96,1,81,0,96,1,77,92,0,1,84,1,91,1,83,0,82,0
109,2,0,0,2,0,29,0,21,1,18,0,6,21,0,0,4,0,12,0,6,1,9,7
110,52,1,1,63,0,54,0,48,0,52,0,52,64,0,1,46,0,55,0,37,1,40,4
111,57,0,1,34,1,44,1,45,1,57,1,63,34,0,0,50,0,31,1,69,1,56,4
112,70,0,1,77,1,82,1,78,1,88,1,75,90,0,1,74,0,88,0,75,1,80,2
113,50,0,1,45,1,47,0,42,0,55,1,45,43,1,0,47,1,42,0,57,1,47,3
114,59,0,1,60,0,47,1,61,1,55,0,47,66,0,0,49,1,67,1,62,0,58,4
115,11,0,0,0,0,16,1,2,1,13,1,6,27,0,0,28,1,16,0,5,0,11,8
116,96,0,1,73,1,78,1,81,0,84,0,83,83,0,1,95,1,99,1,94,1,91,1
117,79,1,0,85,1,70,1,98,0,92,1,82,73,1,1,77,1,77,1,75,0,90,2
118,76,0,0,91,1,77,1,74,0,91,0,71,86,0,1,95,1,89,1,82,1,82,2
119,98,1,1,98,0,93,1,82,1,73,1,93,90,0,0,99,1,86,1,96,0,80,2
120,1,1,0,13,1,7,0,14,0,14,1,18,28,0,1,8,0,25,0,2,0,25,6
121,15,1,0,13,0,26,0,14,1,13,0,9,23,0,0,20,0,19,1,6,0,12,8
122,97,1,1,79,1,78,1,94,1,87,1,83,70,1,0,92,0,71,0,97,1,72,1
123,49,0,0,60,1,66,0,64,1,32,0,37,51,1,1,65,1,37,1,57,0,43,5
124,59,0,0,36,0,61,1,64,0,48,1,53,65,1,0,33,1,61,0,33,0,45,3
125,32,0,0,58,1,64,0,46,0,63,1,52,41,1,0,45,1,30,1,60,1,66,5
126,51,0,1,68,1,53,1,31,0,44,0,48,48,0,1,52,0,69,0,38,0,46,4
127,44,1,1,33,0,48,1,32,1,43,0,67,48,1,0,68,0,51,0,42,0,51,5
128,94,1,1,86,0,90,1,83,1,84,0,87,82,0,1,78,1,75,1,79,0,91,1
129,16,0,0,22,0,4,0,21,0,16,1,11,25,1,1,29,0,11,1,11,0,5,7
130,33,1,1,45,1,42,1,35,1,65,1,67,63,0,0,60,0,56,0,56,1,36,5
131,74,1,1,86,1,79,1,72,1,97,0,88,87,0,1,88,1,98,1,97,1,74,1
132,93,1,1,80,0,89,0,83,1,81,0,74,97,1,1,84,1,77,1,89,0,84,1
133,9,0,0,26,0,13,1,19,1,12,0,13,17,0,1,19,0,27,0,19,1,18,7
134,84,1,0,75,0,81,1,85,1,82,1,95,91,1,1,83,1,80,1,89,0,90,2
135,34,0,1,36,1,34,0,61,1,39,0,30,41,1,1,60,0,48,0,40,1,37,5
136,19,0,1,26,1,20,1,4,1,20,1,0,0,1,0,26,0,13,0,9,1,21,8
137,51,0,0,37,1,40,1,50,1,64,0,58,69,0,0,52,1,65,1,64,0,31,4
138,95,1,1,85,0,72,0,86,0,91,1,94,93,1,1,93,1,88,1,74,1,97,1
139,18,0,1,10,0,22,0,29,1,7,0,28,6,0,1,29,1,19,0,11,0,25,8
140,51,0,0,54,1,61,0,54,1,69,1,39,51,0,1,49,1,60,0,38,0,54,4
141,19,0,0,28,1,16,0,12,1,4,1,15,9,1,0,22,1,18,0,23,0,25,6
142,56,0,0,53,0,48,0,52,0,68,0,46,67,1,0,52,0,38,0,57,1,53,4
143,99,1,1,86,1,79,1,98,1,74,0,81,92,1,1,82,1,95,1,92,0,82,2
144,12,1,0,4,0,22,1,14,0,17,0,16,24,1,0,6,0,2,0,12,1,4,7
145,88,1,1,89,1,72,1,84,1,97,1,74,89,1,1,91,1,93,0,90,0,89,0
146,1,0,0,6,0,22,0,6,0,24,0,14,3,1,0,17,0,20,0,13,0,10,8
147,41,0,1,33,1,52,0,50,1,54,0,34,43,0,1,43,0,43,0,32,0,62,4
148,56,1,1,40,0,57,0,59,0,62,1,69,68,0,1,59,1,43,0,66,1,49,3
149,64,1,1,35,1,65,0,55,1,47,1,65,53,0,0,60,1,58,0,65,1,30,5
150,1,0,0,5,1,2,0,19,1,8,0,23,24,0,0,24,0,0,1,1,0,10,6
151,13,1,0,6,0,29,0,11,0,9,0,25,21,1,0,14,0,17,1,25,0,0,8
152,10,0,0,25,0,17,1,28,1,8,0,10,13,1,0,28,0,14,0,29,1,18,8
153,48,1,1,61,1,67,0,43,0,56,1,61,64,1,1,39,0,43,0,45,0,49,5
154,13,0,0,0,1,13,1,10,0,18,0,15,19,0,1,6,0,13,0,15,0,25,7
155,61,0,1,47,1,57,1,38,0,56,0,50,52,0,0,40,1,66,1,30,0,51,4
156,26,1,0,19,0,18,0,17,0,22,0,15,11,0,0,2,0,28,0,2,0,23,8
157,83,1,1,99,1,84,1,82,0,83,1,75,72,1,0,94,0,93,1,96,1,95,2
158,98,1,1,74,1,73,0,85,0,91,1,82,78,1,1,92,1,90,1,71,0,85,2
159,81,1,1,90,1,84,1,72,0,73,1,81,86,0,1,88,1,91,0,70,1,96,1
160,41,1,0,59,1,31,1,65,0,39,0,66,46,0,1,58,1,43,1,51,0,36,3
161,32,0,0,65,0,67,1,53,0,53,1,68,61,0,0,54,1,35,1,66,0,36,4
162,85,1,0,90,0,78,1,72,0,77,1,95,92,1,0,95,1,93,0,70,1,84,1
163,8,0,1,10,1,18,0,25,0,13,0,2,3,0,0,28,1,28,0,2,1,17,8
164,74,1,1,95,1,93,1,70,1,96,0,70,73,1,1,98,0,72,1,80,1,70,0
165,15,0,0,27,0,5,0,15,1,7,0,19,17,1,1,24,0,23,0,23,0,21,7
166,61,0,0,61,1,36,0,66,0,51,1,36,37,0,1,51,0,40,1,48,1,53,5
167,13,0,1,27,0,24,0,16,0,29,1,11,1,0,0,1,0,8,0,22,0,29,8
168,45,1,0,34,1,35,1,45,0,43,1,39,43,0,0,60,0,63,1,41,0,51,5
169,1,0,0,6,0,9,0,13,0,4,1,12,2,0,0,9,1,20,0,7,0,24,7
170,55,1,0,58,1,40,1,58,0,65,0,46,41,0,0,64,1,39,1,34,1,46,3
171,22,0,0,17,0,11,0,6,1,22,0,15,19,0,1,1,0,25,1,28,0,11,7
172,95,0,0,97,1,76,1,92,1,75,1,92,82,0,1,92,1,74,1,78,0,86,2
173,60,0,0,33,1,36,0,52,0,37,1,41,47,1,0,60,0,51,0,34,0,40,3
174,45,1,1,36,1,47,1,33,1,38,0,45,65,0,0,45,0,62,1,33,0,65,4
175,11,0,0,2,0,8,0,9,0,6,1,15,4,0,0,26,0,11,1,23,0,17,7
176,86,1,1,82,0,94,1,85,1,98,0,98,82,0,1,98,1,85,1,80,0,75,1
177,56,0,0,44,0,41,1,61,1,51,0,31,65,0,1,38,1,37,0,52,0,67,5
178,36,0,0,40,1,45,1,60,1,44,0,50,61,0,0,41,1,41,0,39,0,63,3
179,91,1,0,89,0,76,1,72,1,99,1,99,71,1,0,71,1,70,0,75,1,85,0
180,90,1,0,73,1,89,1,95,1,71,0,93,74,1,1,87,1,98,1,91,1,73,0
181,83,1,1,89,0,80,1,87,1,87,0,96,82,1,1,94,1,87,1,82,1,82,2
182,39,0,0,68,0,30,1,58,0,36,0,44,54,1,1,42,1,47,1,63,1,57,4
183,6,0,0,2,0,25,0,1,0,25,1,3,27,1,0,20,0,9,0,6,1,29,8
184,39,1,0,57,0,40,1,66,1,44,1,42,69,0,1,64,0,67,0,65,0,64,5
185,49,1,1,45,1,37,0,45,1,61,1,59,30,1,0,66,0,65,0,32,0,41,4
186,99,0,1,96,0,94,1,97,1,78,0,98,82,1,1,71,1,79,1,99,1,83,0
187,84,1,0,99,1,95,0,72,1,86,1,71,82,1,1,94,1,91,1,71,1,80,0
188,65,1,1,37,1,46,1,54,0,46,0,36,31,1,1,37,1,31,0,51,0,62,4
189,98,1,1,99,1,83,0,79,1,84,1,96,88,0,1,82,1,91,1,85,0,86,1
190,99,1,1,98,1,89,1,99,1,96,1,97,89,1,0,75,0,77,0,86,1,92,1
191,98,1,0,86,1,96,1,79,1,75,1,72,75,0,1,95,1,76,0,76,1,93,1
192,58,0,1,54,0,41,0,38,0,40,1,50,43,0,1,62,1,52,1,41,0,68,3
193,1,0,1,14,1,0,0,28,0,1,0,23,1,0,1,22,0,28,0,27,0,0,8
194,22,0,0,0,0,6,1,22,0,26,0,22,22,0,0,13,0,17,1,10,0,20,7
195,2,1,0,18,0,4,0,1,1,19,0,26,17,1,0,19,0,8,0,4,1,19,6
196,87,0,1,98,1,71,0,95,1,89,0,76,95,0,1,88,0,91,0,91,1,83,0
197,57,0,0,53,1,60,1,57,1,52,0,51,57,0,1,62,0,52,1,34,1,51,3
198,21,0,0,24,0,28,0,29,0,25,0,3,28,0,0,16,0,27,1,28,0,0,8
199,51,0,0,43,1,54,1,60,1,69,1,60,66,0,1,31,1,30,1,57,0,51,4
200,85,1,0,93,1,76,1,77,1,97,1,88,90,1,1,75,0,71,1,71,1,91,2
201,56,1,1,50,1,35,1,42,0,31,0,65,39,0,1,40,1,43,1,69,0,42,3
202,56,1,1,51,0,31,1,45,1,68,1,30,36,1,0,47,1,55,1,69,0,37,4
203,23,1,0,25,0,19,1,2,0,20,0,12,17,0,0,15,0,28,1,21,1,16,7
204,19,1,0,26,0,22,0,26,0,6,1,21,18,0,0,1,1,1,0,24,0,26,7
205,82,1,1,88,0,86,1,83,1,71,0,89,78,1,1,95,0,97,0,93,0,80,0
206,12,0,0,20,1,19,0,16,1,18,0,7,2,1,0,26,1,25,1,8,0,16,7
207,54,1,1,34,0,30,1,35,0,46,0,44,41,0,0,44,0,60,0,63,0,50,5
208,10,0,1,18,0,4,0,4,0,22,0,19,13,0,0,22,0,19,1,23,1,0,8
209,94,0,0,81,1,97,1,90,1,94,1,82,87,1,1,91,1,78,0,90,1,96,0
210,16,0,0,18,0,0,1,19,0,25,0,13,24,1,1,4,0,26,0,28,0,8,6
211,36,1,1,58,1,61,0,50,1,45,1,35,63,0,1,47,0,63,1,43,1,61,3
212,17,0,0,12,0,7,0,18,0,22,1,13,27,0,1,12,1,2,0,24,1,0,6
213,49,1,0,60,0,64,0,50,1,68,0,44,34,1,0,53,1,34,1,67,1,59,5
214,45,0,1,51,0,33,0,57,1,34,1,64,49,1,1,56,1,35,1,57,1,30,3
215,5,0,0,17,0,5,0,23,0,28,1,25,26,0,0,14,0,0,1,9,0,13,7
216,20,0,1,25,0,8,0,14,0,22,0,23,1,0,0,17,1,29,1,8,1,8,8
217,56,1,1,54,0,35,0,42,1,64,1,49,56,1,0,42,1,37,1,34,1,45,3
218,87,1,1,84,1,92,0,85,1,72,1,74,86,1,1,70,0,95,1,90,1,76,0
219,19,0,1,5,1,17,1,2,0,14,1,19,7,1,1,29,1,14,1,2,0,7,8
220,48,1,1,43,1,62,1,53,0,58,0,52,58,0,1,37,1,66,1,64,1,45,4
221,65,1,1,54,1,66,0,63,1,34,1,53,58,1,1,61,1,56,0,64,0,68,3
222,68,1,0,68,1,51,1,34,0,32,1,61,48,1,1,33,0,64,0,66,1,30,5
223,88,1,0,74,1,81,1,96,0,77,0,91,96,1,0,84,1,91,0,72,1,80,0
224,69,1,0,51,0,40,1,61,0,42,1,68,36,0,1,47,1,62,0,62,0,50,4
225,6,1,1,27,0,18,0,27,1,6,1,21,9,0,0,28,0,23,0,22,0,18,7
226,87,1,1,77,0,81,1,76,1,85,1,77,84,1,1,97,0,94,1,84,1,92,2
227,28,1,0,24,1,9,0,9,0,25,0,4,3,0,0,24,1,22,0,4,0,4,6
228,25,0,0,15,0,3,1,14,0,5,0,20,9,0,1,28,0,2,0,17,0,29,7
229,19,0,0,19,1,3,0,16,0,16,1,10,18,0,0,29,1,4,0,7,0,9,7
230,64,0,0,43,0,32,1,55,0,39,1,46,54,1,1,41,0,40,1,66,0,44,5
231,8,0,0,10,1,2,0,3,1,7,1,9,21,0,0,10,1,26,1,22,0,12,8
232,82,1,1,98,1,72,1,99,1,80,1,79,87,1,1,73,1,78,1,97,1,82,2
233,23,0,1,11,0,29,1,26,0,11,1,25,3,0,0,10,1,26,0,4,1,10,7
234,12,0,0,24,0,16,0,3,0,0,0,20,10,1,1,27,0,20,1,20,0,8,6
235,94,1,1,70,1,87,1,73,0,70,1,79,81,1,1,95,0,75,1,78,1,98,0
236,38,0,1,42,1,65,0,57,0,35,0,34,30,0,0,41,1,60,1,55,1,58,5
237,67,0,0,67,0,47,1,30,1,41,0,67,52,1,0,63,1,30,1,45,0,35,4
238,35,1,0,68,0,58,0,52,0,45,1,33,39,0,1,39,1,46,0,37,1,40,5
239,30,0,0,58,0,53,1,65,1,34,0,57,31,0,1,43,0,48,1,67,0,67,5
240,16,0,1,7,1,3,1,3,0,0,0,0,25,0,1,2,1,23,1,15,0,23,6
241,28,1,0,19,0,16,1,28,1,8,0,17,7,0,0,29,0,25,0,22,0,13,7
242,19,1,0,21,1,1,0,18,1,8,0,13,3,0,0,26,1,11,0,4,0,21,7
243,41,1,1,34,1,39,0,46,1,57,1,66,35,1,0,68,1,40,1,46,0,54,3
244,68,1,0,30,1,58,1,39,0,68,1,60,67,1,0,59,1,54,0,39,1,55,4
245,81,1,0,97,1,75,1,99,1,76,0,92,81,0,0,81,0,82,0,80,1,85,2
246,53,1,1,57,1,34,1,56,0,69,0,52,39,0,1,39,0,47,1,62,1,48,3
247,22,0,0,19,0,0,0,6,0,20,0,8,11,0,0,5,0,7,1,10,1,7,7
248,81,1,1,93,0,92,0,98,1,98,0,98,71,1,0,78,1,81,1,87,1,96,1
249,44,1,0,32,0,52,0,49,1,58,0,41,47,0,0,48,0,44,0,49,0,37,5
250,77,1,1,89,0,72,0,83,0,71,0,80,99,1,1,73,1,97,0,77,1,97,1
251,2,1,0,27,0,20,1,6,0,17,0,26,23,1,1,18,0,2,0,29,0,25,6
252,15,0,0,18,0,10,0,12,1,25,0,2,24,0,0,27,1,20,1,13,0,14,8
253,27,0,0,14,0,29,0,23,0,17,1,6,7,0,1,6,0,13,0,24,0,8,8
254,89,1,0,81,1,79,1,89,1,95,1,89,76,1,1,74,1,72,1,70,0,93,1
255,87,1,0,98,1,76,0,77,1,94,1,85,94,1,0,93,1,89,0,86,0,89,1
256,98,1,0,72,1,90,1,76,1,76,1,86,78,1,0,96,1,83,1,80,0,76,2
257,49,1,0,36,0,43,0,49,0,39,0,30,45,0,0,39,0,64,0,64,0,49,5
258,16,1,0,6,0,9,0,7,0,25,0,21,14,0,0,4,1,13,1,25,0,24,7
259,94,1,1,82,1,91,1,97,1,90,1,81,99,1,1,83,1,90,1,86,0,92,0
260,92,1,1,91,0,71,1,86,1,90,1,87,95,1,1,96,1,89,1,85,1,82,1
261,69,0,0,68,1,44,1,46,0,55,1,49,50,1,1,64,1,61,1,32,1,48,3
262,38,1,0,66,1,42,0,35,1,34,0,46,31,1,0,40,0,62,0,60,0,40,5
263,87,0,0,77,0,74,1,80,1,72,1,95,71,1,1,79,1,83,1,80,1,97,2
264,64,1,0,65,1,38,1,41,0,68,1,43,30,1,0,34,1,64,0,43,1,35,4
265,84,1,0,89,0,82,1,98,1,88,0,77,89,1,1,80,0,70,1,84,1,86,0
266,30,1,1,30,0,53,1,61,1,53,0,30,39,0,0,39,1,55,1,60,0,57,3
267,89,1,1,97,1,74,1,99,1,71,0,72,72,1,1,91,1,89,1,75,0,71,1
268,37,0,0,50,0,52,1,35,0,60,1,54,33,1,0,34,1,39,1,37,0,42,3
269,91,0,1,90,0,74,1,84,1,97,0,89,76,1,1,93,0,93,0,80,1,79,1
270,91,1,1,92,1,74,0,94,1,73,1,87,87,1,1,71,1,73,1,89,0,98,0
271,5,0,1,19,1,17,1,13,1,25,0,21,2,0,1,5,0,25,0,21,0,22,8
272,96,0,0,79,0,84,0,87,1,88,1,70,79,1,0,86,0,73,1,96,0,74,1
273,78,1,1,82,1,93,0,88,1,87,1,90,93,1,1,83,1,95,0,80,0,91,0
274,80,0,1,90,1,91,1,86,0,94,0,83,70,0,0,89,1,74,1,97,1,86,1
275,40,1,1,34,1,46,0,66,0,67,0,56,66,0,1,47,1,68,1,33,1,56,3
276,76,0,0,76,1,86,1,74,0,76,1,83,84,1,0,86,1,95,1,95,0,82,2
277,91,1,1,81,1,74,1,86,0,80,1,72,80,1,1,83,1,80,1,75,1,82,2
278,5,0,0,4,0,18,0,22,0,0,0,13,21,1,0,18,1,28,0,0,0,11,7
279,1,0,0,14,0,6,0,9,1,23,0,12,4,0,0,5,1,14,0,21,0,22,8
280,98,0,1,76,1,94,1,79,1,94,0,95,74,1,0,82,0,95,1,83,1,71,2
281,35,0,1,57,0,56,0,64,0,45,0,69,37,0,1,66,0,49,1,37,0,65,4
282,50,0,0,44,0,43,0,58,0,53,1,54,41,1,0,47,1,51,1,32,1,51,3
283,80,1,0,86,1,70,0,97,0,82,1,77,94,1,1,84,1,81,0,87,1,80,2
284,26,1,1,23,1,29,0,1,0,21,1,22,7,0,0,25,0,22,0,14,0,20,6
285,81,1,0,83,1,75,1,90,1,97,1,92,93,1,1,70,1,96,1,90,0,90,1
286,34,1,1,51,0,31,1,52,1,69,0,59,32,1,0,61,1,40,1,69,1,49,3
287,34,0,0,30,0,54,1,41,1,51,0,30,34,1,1,42,0,46,1,63,0,68,4
288,99,0,1,81,1,74,1,92,1,95,0,76,91,1,0,71,1,70,1,98,1,70,2
289,76,1,0,71,0,90,0,74,1,76,0,98,85,0,1,88,1,88,0,72,1,99,1
290,3,1,0,20,0,12,1,17,0,14,0,10,7,0,1,3,1,7,0,10,0,24,6
291,21,0,0,4,1,9,0,27,0,10,0,18,0,1,1,29,0,14,0,7,0,25,8
292,13,0,1,12,0,0,0,17,0,16,0,9,14,0,0,23,0,6,0,24,0,9,7
293,80,1,1,70,1,95,1,77,0,94,1,97,99,0,0,80,1,94,1,87,1,85,1
294,71,1,1,75,1,81,0,96,1,70,0,99,85,1,1,80,1,81,1,97,1,70,1
295,99,1,1,81,1,75,0,94,0,96,1,84,76,0,0,92,1,96,0,70,1,93,1
296,91,1,1,84,0,76,1,98,1,80,0,92,74,0,1,71,1,91,1,99,0,72,1
297,14,0,0,23,0,3,1,16,0,9,0,23,21,0,1,28,0,5,0,13,0,15,6
298,89,1,1,83,1,71,1,97,0,70,1,80,90,1,1,78,1,83,1,80,1,76,0
299,33,1,1,39,1,49,0,57,1,64,0,65,63,0,1,67,1,39,1,41,1,67,4
300,22,0,1,15,0,16,0,5,1,8,0,6,29,0,0,9,0,15,0,16,0,11,8
